	name	Serial_result	Serial_memory	Serial_runtime
0	mchess_15.cnf	-1	0.03253173828125	510.1
1	ctl_4291_567_9_unsat.cnf	-1	0.0416259765625	884.4
2	af-synthesis_stb_50_140_1_unsat.cnf	-1	0.06195831298828125	2276.84
3	apn-sbox5-cut3-symmbreak.cnf	0	0.09715652465820312	2999.42
4	x9-12035.sat.sanitized.cnf	1	0.03592681884765625	420.57
5	tseitin_grid_n11_m20.sanitized.cnf	0	0.046905517578125	3000.04
6	pcmax-scheduling-m13-1655-9604-UNSAT.sanitized.cnf	-1	0.0606536865234375	711.01
7	x9-10083.sat.sanitized.cnf	-1	0.01865386962890625	166.61
8	32_200.sanitized.cnf	0	1.917938232421875	7.13
9	WS_500_16_90_70.apx_2_DC-AD.cnf	-1	0.035915374755859375	481.75
10	x9-10007.sat.sanitized.cnf	-1	0.0365753173828125	233.01
11	sted5_0x1e3-20.cnf	0	0.061611175537109375	3000.03
12	rphp_p8_r170.sanitized.cnf	0	1.1723403930664062	3000.04
13	mdp-36-14-sat.cnf	0	0.058231353759765625	3000.09
14	Break_20_72.xml.cnf	0	0.2025909423828125	3000.05
15	170058440.cnf	1	0.0741729736328125	1614.42
16	x9-12063.sat.sanitized.cnf	1	0.033416748046875	473.06
17	x9-11077.sat.sanitized.cnf	1	0.01988983154296875	79.38
18	circuit_32in32out_with_100gates_7in7out_dist64_seed2.sanitized.cnf	1	0.3197059631347656	122.43
19	x9-10002.sat.sanitized.cnf	-1	0.03424072265625	320.99
20	lec_mult_DvK_11x10.sanitized.cnf	-1	0.032749176025390625	840.2
21	circuit_48in64out_with_700gates_4in4out_dist128_seed1.sanitized.cnf	1	0.032382965087890625	7.0
22	lec_mult_CvK_11x11.sanitized.cnf	-1	0.059452056884765625	2547.8
23	mp1-Nb5T15.cnf	1	0.04705810546875	217.13
24	ctl_4201_555_unsat_pre.cnf	-1	0.037235260009765625	1634.35
25	simon-r22-1.sanitized.cnf	1	0.00312042236328125	0.01
26	x9-10098.sat.sanitized.cnf	1	0.00975799560546875	36.04
27	worker_550_550_550_0.3.cnf	1	0.27716827392578125	26.75
28	j3045_4_mdd_bm1.cnf	-1	0.024990081787109375	696.06
29	x9-09004.sat.sanitized.cnf	-1	0.01012420654296875	56.43
30	FmlaImplyChain_3_7_7.sanitized.cnf	-1	0.06570053100585938	1060.54
31	frb45-21-2.used-as.sat04-884.cnf	1	0.038112640380859375	523.3
32	lru_9.sanitized.cnf	0	2.1466903686523438	7.11
33	j3037_9_rggt_b.cnf	1	0.0392913818359375	480.25
34	64_200.sanitized.cnf	0	1.9575157165527344	7.12
35	circuit_32in32out_with_70gates_7in7out_dist128_seed1.sanitized.cnf	1	0.21448898315429688	270.38
36	x9-09054.sat.sanitized.cnf	1	0.009296417236328125	39.84
37	bphp_p23_h22.sanitized.cnf	0	0.09198379516601562	3000.08
38	hwmcc17miters-xits-iso-oski15a08b00s.sanitized.cnf	-1	0.5329360961914062	8.06
39	pcmax-scheduling-m11-1517-6802-UNSAT.sanitized.cnf	-1	0.01955413818359375	60.58
40	DLTM_twitter774_83_17.cnf	1	0.04120635986328125	1546.93
41	mdp-28-14-sat.cnf	1	0.039752960205078125	616.89
42	asconhashv12_opt64_H11_M2-tBi5i1RIgRz_m0_1_U23.c.cnf	-1	0.08834075927734375	665.75
43	hwmcc12miters-xits-iso-6s111.sanitized.cnf	-1	0.2821922302246094	2.68
44	asconhashv12_opt64_H5_M2-xEJ8F_m0_3_U5.c.cnf	-1	0.08221435546875	297.8
45	x9-10014.sat.sanitized.cnf	1	0.011760711669921875	58.12
46	hwmcc17miters-xits-iso-6s281b35.sanitized.cnf	-1	1.0789031982421875	10.11
47	1-ET-512-K-96.sanitized.cnf	0	0.16968154907226562	3000.03
48	cliquecolouring_n13_k9_c8.sanitized.cnf	-1	0.10905075073242188	2795.21
49	circuit_48in64out_with_800gates_4in4out_dist128_seed4.sanitized.cnf	1	0.03855133056640625	23.05
50	noL-11-0.sanitized.cnf	1	0.09716796875	1274.97
51	constraints_17_0.3_2.sanitized.cnf	-1	0.06254196166992188	69.69
52	FmlaEquivChain_4_8_8.sanitized.cnf	0	0.409576416015625	3000.02
53	two-trees-511v.sanitized.cnf	0	0.0896759033203125	3000.06
54	32_350.sanitized.cnf	0	1.9604225158691406	7.12
55	mdp-36-10-unsat.cnf	0	0.0682220458984375	2999.88
56	cliquecolouring_n21_k6_c5.sanitized.cnf	0	0.12529754638671875	2999.84
57	Circuit_multiplier22.cnf	1	0.026256561279296875	674.58
58	Folkman-185-75415683.sanitized.cnf	1	0.04311370849609375	650.25
59	pb_300_09_lb_07.cnf	1	0.09563446044921875	152.16
60	FmlaEquivChain_4_6_6.sanitized.cnf	-1	0.06735992431640625	40.97
61	Break_unsat_04_03.xml.cnf	-1	0.002323150634765625	0.03
62	af-synthesis_stb_50_100_4_sat.cnf	1	0.046497344970703125	1515.62
63	1-ZC-512-K-65.sanitized.cnf	0	0.10679244995117188	2999.86
64	pb_300_05_lb_17.cnf	1	0.09639358520507812	75.4
65	x9-10093.sat.sanitized.cnf	-1	0.032726287841796875	185.67
66	oisc-subrv-sll-nested-13.cnf	0	2.075672149658203	6.91
67	cliquecolouring_n41_k5_c4.sanitized.cnf	0	0.13805389404296875	2999.87
68	circuit_32in32out_with_350gates_6in6out_dist64_seed1.sanitized.cnf	1	0.2361907958984375	98.17
69	cliquecolouring_n31_k5_c4.sanitized.cnf	0	0.17288970947265625	2999.87
70	2dlx_ca_bp_f_liveness.cnf	0	0.2670326232910156	2999.84
71	combined-crypto1-wff-seed-1-wffvars-450-cryptocplx-40-overlap-2.cnf	1	0.012359619140625	8.15
72	circuit_48in64out_with_1000gates_4in4out_dist128_seed4.sanitized.cnf	1	0.040081024169921875	168.42
73	linked_list_swap_contents_safety_unwind73.cnf	-1	1.9201469421386719	161.41
74	Break_unsat_14_23.xml.cnf	0	0.08730697631835938	2999.88
75	grs-64-64.cnf	-1	0.06896591186523438	354.19
76	Folkman-190-358004741.sanitized.cnf	1	0.054668426513671875	1406.47
77	002.cnf	1	0.038753509521484375	279.2
78	x9-12014.sat.sanitized.cnf	1	0.0100860595703125	27.86
79	grs-64-128.cnf	-1	0.16688919067382812	2089.29
80	lec_mult_CvK_11x10.sanitized.cnf	-1	0.01850128173828125	736.41
81	circuit_32in64out_with_150gates_6in6out_dist256_seed1.sanitized.cnf	0	0.11106109619140625	3000.81
82	x9-10096.sat.sanitized.cnf	-1	0.03142547607421875	167.85
83	rbsat-v760c43649gyes3.cnf	0	0.05609893798828125	2999.85
84	shuffling-2-s25242449-of-bench-sat04-727.used-as.sat04-753.cnf	1	0.2600593566894531	45.87
85	stb_418_125.apx_1_DC-AD.cnf	-1	0.0698089599609375	1554.64
86	stb_588_138.apx_1_DC-AD.cnf	-1	0.054485321044921875	806.96
87	linked_list_swap_contents_safety_unwind80.cnf	0	1.9251861572265625	25.93
88	noL-11-20.sanitized.cnf	1	0.0350494384765625	147.1
89	mrpp_4x4#12_12.cnf	-1	0.0115203857421875	14.57
90	frb65-12-2.used-as.sat04-874.cnf	1	0.012416839599609375	22.79
91	pcmax-scheduling-m19-2974-16501-UNSAT.sanitized.cnf	-1	0.0380859375	100.22
92	af-synthesis_stb_50_40_9_unsat.cnf	-1	0.04021453857421875	2161.31
93	noL-11-8.sanitized.cnf	1	0.0334930419921875	234.9
94	T105.2.0.cnf	-1	1.667449951171875	527.08
95	jgiraldezlevy.2200.9086.08.40.41.cnf	1	0.007717132568359375	10.82
96	pcmax-scheduling-m19-10199-62102-UNSAT.sanitized.cnf	0	0.1024932861328125	2995.39
97	Timetable_C_392_E_62_Cl_26_S_28.cnf	1	0.20691680908203125	60.46
98	linked_list_swap_contents_safety_unwind65.cnf	-1	1.5724029541015625	153.76
99	x9-12001.sat.sanitized.cnf	1	0.033237457275390625	235.28
100	REGRandom-K4-L3-Seed40.sanitized.cnf	0	1.3099403381347656	2995.75
101	1-ZC-512-K-63.sanitized.cnf	0	0.08865737915039062	3000.81
102	REGRandom-K3-L3-Seed25.sanitized.cnf	-1	0.056301116943359375	2.38
103	x9-11034.sat.sanitized.cnf	1	0.007709503173828125	20.41
104	simon-r16-1.sanitized.cnf	1	0.002849578857421875	0.0
105	af-synthesis_stb_50_200_4_unsat.cnf	-1	0.07104110717773438	516.89
106	x9-09057.sat.sanitized.cnf	-1	0.010753631591796875	46.18
107	x9-10051.sat.sanitized.cnf	-1	0.0347900390625	258.01
108	linked_list_swap_contents_safety_unwind54.cnf	-1	1.1721878051757812	109.48
109	clique_n2_k10.sanitized.cnf	-1	0.010784149169921875	18.51
110	j3037_10_mdd_b.cnf	1	0.019786834716796875	25.94
111	marg5x5.shuffled-as.sat03-1455.cnf	0	0.04698944091796875	3000.89
112	lec_mult_DvK_12x12.sanitized.cnf	0	0.0276947021484375	3000.88
113	Break_unsat_18_31.xml.cnf	0	0.10382080078125	3000.83
114	pcmax-scheduling-m37-28831-324346-SAT.sanitized.cnf	0	0.15189361572265625	2998.61
115	lec_mult_CvW_12x12.sanitized.cnf	0	0.08792877197265625	3000.88
116	pcmax-scheduling-m13-2011-12813-UNSAT.sanitized.cnf	-1	0.023555755615234375	171.52
117	rbsat-v945c61409gyes9-sc2009.cnf	1	0.024158477783203125	45.45
118	lec_mult_CvW_12x11.sanitized.cnf	0	0.07452774047851562	2999.42
119	Break_08_24.xml.cnf	1	0.004611968994140625	0.16
120	stb_495_168.apx_2_DC-AD.cnf	-1	0.023052215576171875	231.57
121	x9-09076.sat.sanitized.cnf	-1	0.01129913330078125	39.9
122	stb_495_168.apx_1_DC-AD.cnf	-1	0.02176666259765625	293.55
123	simon-r19-1.sanitized.cnf	1	0.002925872802734375	0.01
124	rphp_p8_r160.sanitized.cnf	0	1.3020401000976562	3000.85
125	Folkman-190-66337703.sanitized.cnf	1	0.03985595703125	305.01
126	linked_list_swap_contents_safety_unwind45.cnf	-1	0.8966941833496094	95.13
127	pcmax-scheduling-m40-26287-324155-SAT.sanitized.cnf	0	0.10539627075195312	3000.86
128	asconhashv12_opt64_H9_M2-MIC4kfhiA_m0_6_U2.c.cnf	-1	0.09235000610351562	744.21
129	128_75.sanitized.cnf	0	2.141864776611328	7.95
130	x9-11093.sat.sanitized.cnf	1	0.011844635009765625	53.29
131	circuit_32in32out_with_80gates_7in7out_dist128_seed1.sanitized.cnf	1	0.2595062255859375	199.55
132	md5_48_1.cnf	1	0.036441802978515625	49.42
133	32_100.sanitized.cnf	0	2.0523834228515625	16.93
134	004.cnf	1	0.045928955078125	135.16
135	mdp-32-10-sat.cnf	0	0.07491302490234375	2999.99
136	hwmcc20miters-iso-rast-p06.sanitized.cnf	-1	0.044170379638671875	0.41
137	mchess_16.cnf	-1	0.029697418212890625	636.89
138	noL-11-4.sanitized.cnf	1	0.06630325317382812	782.71
139	x9-11053.sat.sanitized.cnf	1	0.0183563232421875	70.77
140	GracefulGraph-K05-P02_c18.cnf	1	0.01334381103515625	38.04
141	WS_500_16_70_10.apx_2_DC-AD.cnf	-1	0.038166046142578125	775.4
142	mdp-32-14-unsat.cnf	0	0.07061767578125	3000.89
143	goldcrest-and-9.cnf	-1	0.17227554321289062	254.88
144	1-ZC-512-K-60.sanitized.cnf	1	0.09499740600585938	945.74
145	mp1-ps_5000_21250_3_0_0.8_0_1.50_6.cnf	-1	0.017772674560546875	61.7
146	linked_list_swap_contents_safety_unwind68.cnf	-1	1.6864051818847656	123.58
147	sgen1-sat-180-100.cnf	0	0.07471466064453125	3000.91
148	Break_18_32.xml.cnf	0	0.1133270263671875	2999.85
149	summle_X4053_steps8_I1-2-2-4-4-8-25-100.cnf	1	0.032238006591796875	15.23
150	x9-08014.sat.sanitized.cnf	-1	0.0076751708984375	23.14
151	sokoban-p20.sas.cr.25.cnf	0	0.07960128784179688	2999.86
152	Break_unsat_16_27.xml.cnf	0	0.08929824829101562	2999.97
153	worker_40_80_40_0.9.cnf	0	0.16682052612304688	2999.4
154	mdp-36-12-unsat.cnf	0	0.06819915771484375	2999.9
155	linked_list_swap_contents_safety_unwind69.cnf	-1	1.7609825134277344	126.25
156	simon-r21-0.sanitized.cnf	1	0.002994537353515625	0.01
157	summle_X4044_steps7_I1-2-2-4-4-8-25-100.cnf	1	0.026218414306640625	13.73
158	lru_8.sanitized.cnf	0	2.1046485900878906	6.94
159	mp1-blockpuzzle_5x10_s7_free4.cnf	-1	0.0139617919921875	23.12
160	VanDerWaerden_2-3-14_186.cnf	0	0.09587860107421875	2999.9
161	spg_200_316.cnf	0	0.3120079040527344	2998.86
162	x9-11062.sat.sanitized.cnf	1	0.032375335693359375	232.69
163	cliquecolouring_n15_k9_c8.sanitized.cnf	0	0.1259613037109375	3000.35
164	af-synthesis_stb_50_100_9_sat.cnf	1	0.027667999267578125	5.94
165	Folkman-180-5383714.sanitized.cnf	1	0.028522491455078125	96.67
166	Folkman-175-1251868.sanitized.cnf	1	0.031585693359375	91.96
167	rook-56-1-1.cnf	-1	0.11709976196289062	1179.55
168	6g_6color_366_050_04.cnf	0	0.19942474365234375	2999.94
169	af-synthesis_stb_50_120_4_sat.cnf	1	0.046722412109375	118.66
170	mdp-28-11-sat.cnf	1	0.03820037841796875	613.21
171	Kakuro-easy-097-ext.xml.hg_4.cnf	0	1.339813232421875	3000.87
172	mp1-Nb7T42.cnf	0	0.16967010498046875	3000.87
173	bvsub_19952.smt2.cnf	0	0.24509429931640625	2999.84
174	mdp-36-10-sat.cnf	0	0.045200347900390625	2999.88
175	j3045_4_gmto_b.cnf	1	0.0381011962890625	934.95
176	mdp-32-12-unsat.cnf	0	0.06992721557617188	2999.86
177	g2-ak128boothbg2msisc.cnf	1	0.08258056640625	0.53
178	constraints_17_0.4_2.sanitized.cnf	-1	0.09071731567382812	86.69
179	worker_20_40_20_0.95.cnf	1	0.00354766845703125	0.12
180	tseitingrid6x200_shuffled.cnf	0	0.08910751342773438	2999.83
181	mdp-32-16-sat.cnf	1	0.035022735595703125	648.0
182	Break_triple_20_36.xml.cnf	0	0.12100982666015625	2999.32
183	lec_mult_DvW_12x11.sanitized.cnf	0	0.0782470703125	2999.21
184	ITC2021_Early_10.xml.cnf	0	0.17098617553710938	2999.87
185	linked_list_swap_contents_safety_unwind62.cnf	-1	1.4556655883789062	135.33
186	x9-10038.sat.sanitized.cnf	1	0.030426025390625	203.11
187	1-ET-512-K-110.sanitized.cnf	0	0.15163040161132812	2999.12
188	circuit_64in64out_with_64gates_8in5out_dist256_seed1.sanitized.cnf	1	0.09702682495117188	58.84
189	noL-11-18.sanitized.cnf	1	0.039676666259765625	228.97
190	lec_mult_KvW_12x11.sanitized.cnf	0	0.02545928955078125	2999.87
191	hwmcc20miters-iso-mul3.sanitized.cnf	-1	0.18429183959960938	1.86
192	1-ZC-1024-K-117.sanitized.cnf	0	0.43030548095703125	2999.91
193	srhd-sgi-m37-q446.25-n35-p30-s33692332.cnf	1	0.0051422119140625	0.02
194	x9-09007.sat.sanitized.cnf	-1	0.007640838623046875	37.48
195	circuit_32in32out_with_400gates_6in6out_dist64_seed1.sanitized.cnf	1	0.2703819274902344	126.23
196	lru_10.sanitized.cnf	0	2.1528968811035156	6.94
197	Nb44T6.cnf	0	1.032196044921875	2999.86
198	ER_400_20_4.apx_2_DC-ST.cnf	-1	0.036529541015625	393.89
199	ITC2021_Early_3.xml.cnf	1	0.015598297119140625	1.0
200	asconhashv12_opt64_H11_M2-fCHjS2L0du5_m2_4.c.cnf	1	0.07199859619140625	417.07
201	g2-slp-synthesis-aes-top30.cnf	1	0.059749603271484375	72.76
202	1-TC-256-K-71.sanitized.cnf	-1	0.04754638671875	149.79
203	128_125.sanitized.cnf	0	1.9880523681640625	6.98
204	mdp-28-14-unsat.cnf	-1	0.05248260498046875	2617.82
205	x9-09098.sat.sanitized.cnf	-1	0.019214630126953125	85.52
206	Folkman-185-152478531.sanitized.cnf	1	0.043804168701171875	468.47
207	x9-09047.sat.sanitized.cnf	-1	0.0078125	35.38
208	g2-hwmcc15deep-6s161-k17.cnf	-1	0.04541015625	1300.8
209	combined-crypto1-wff-seed-102-wffvars-500-cryptocplx-31-overlap-2.cnf	1	0.0158233642578125	19.07
210	stb_418_125.apx_1_DC-ST.cnf	-1	0.040538787841796875	637.66
211	ER_400_20_4.apx_2_DC-AD.cnf	-1	0.0456085205078125	467.8
212	battleship-14-26-sat.cnf	1	0.01983642578125	18.32
213	asconhashv12_opt64_H11_M2-MxJOnbQIXNd_m5_6.c.cnf	1	0.06854629516601562	160.73
214	WS_500_16_70_10.apx_1_DC-ST.cnf	-1	0.02294921875	414.69
215	tseitin_d3_n174.sanitized.cnf	0	0.07624053955078125	2996.64
216	constraints_16_0.5_1.sanitized.cnf	-1	0.0634918212890625	142.4
217	EDP3-11000.cnf	1	0.08863067626953125	98.62
218	mulhs016-sc2009.cnf	0	0.055683135986328125	2995.26
219	6s167-opt.cnf	-1	0.004871368408203125	0.38
220	circuit_48in64out_with_800gates_4in4out_dist128_seed1.sanitized.cnf	1	0.033977508544921875	42.9
221	simon-r25-0.sanitized.cnf	1	0.00325775146484375	0.01
222	x9-11094.sat.sanitized.cnf	1	0.050991058349609375	596.17
223	af-synthesis_stb_50_40_9_sat.cnf	1	0.0400238037109375	1204.81
224	exam_flat_0.04_2018_3.cnf	1	0.4658470153808594	936.92
225	mchess_17.cnf	0	0.057098388671875	2999.88
226	worker_30_60_25_0.9.cnf	0	0.1312103271484375	3000.01
227	pcmax-scheduling-m26-6398-62377-UNSAT.sanitized.cnf	-1	0.029815673828125	232.12
228	noL-11-10.sanitized.cnf	1	0.02239227294921875	109.13
229	j3037_10_mdd_bm1.cnf	-1	0.02109527587890625	50.79
230	si2-b03m-m800-03.cnf	1	0.10589981079101562	8.01
231	rbsat-v760c43649gyes7.cnf	1	0.047210693359375	2393.39
232	Folkman-180-11710376.sanitized.cnf	1	0.0273590087890625	97.44
233	lec_mult_CvK_12x12.sanitized.cnf	0	0.0562896728515625	2999.8
234	linked_list_swap_contents_safety_unwind76.cnf	-1	2.0435829162597656	228.49
235	x9-09024.sat.sanitized.cnf	-1	0.010772705078125	38.03
236	StConn_7_128.sanitized.cnf	0	0.07424545288085938	2999.88
237	Folkman-175-9054056.sanitized.cnf	1	0.03127288818359375	100.73
238	noL-11-6.sanitized.cnf	1	0.11994171142578125	2153.03
239	ER_500_30_3.apx_1_DC-ST.cnf	-1	0.06185150146484375	360.85
240	f9idw.cnf	-1	0.244171142578125	490.54
241	rook-42-0-1.cnf	-1	0.16038894653320312	1773.79
242	linked_list_swap_contents_safety_unwind78.cnf	0	2.126476287841797	25.98
243	Schur_161_5_d38.cnf	0	0.075897216796875	2999.86
244	pcmax-scheduling-m24-17855-226744-SAT.sanitized.cnf	0	0.1184539794921875	3000.84
245	noL-11-14.sanitized.cnf	1	0.024936676025390625	85.12
246	Dodecahedron-k7.cnf	0	0.10216522216796875	3000.91
247	af-synthesis_stb_50_140_0_unsat.cnf	-1	0.045383453369140625	1000.57
248	or_randxor_k3_n510_m510.sanitized.cnf	-1	0.00608062744140625	4.92
249	benchmarks.txt	0	0.0	0.0
250	constraints_16_0.3_1.sanitized.cnf	-1	0.056697845458984375	179.47
251	cliquecolouring_n13_k8_c7.sanitized.cnf	0	0.10897064208984375	3000.86
252	pcmax-scheduling-m24-24102-255206-SAT.sanitized.cnf	0	0.11585235595703125	2999.99
253	fixedbandwidth-eq-31_shuffled.cnf	-1	0.037288665771484375	1839.8
254	oisc-subrv-sll-nested-11.cnf	0	1.9304580688476562	25.93
255	lec_mult_KvW_11x10.sanitized.cnf	-1	0.022747039794921875	818.74
256	32_325.sanitized.cnf	0	1.9795303344726562	6.97
257	ecarev-110-4099-22-30-7.cnf	1	0.13239288330078125	531.74
258	mdp-28-10-unsat.cnf	-1	0.04347991943359375	1150.86
259	noL-11-16.sanitized.cnf	1	0.033687591552734375	130.43
260	FmlaImplyChain_3_7_8.sanitized.cnf	0	0.101318359375	3000.87
261	x9-12021.sat.sanitized.cnf	1	0.037265777587890625	511.93
262	ctl_4291_567_2_unsat-sc2013.cnf	-1	0.040493011474609375	2151.16
263	circuit_48in24out_with_100gates_7in7out_dist128_seed1.sanitized.cnf	1	0.31589508056640625	139.36
264	x9-10027.sat.sanitized.cnf	1	0.010555267333984375	52.4
265	x9-09051.sat.sanitized.cnf	-1	0.01055145263671875	56.91
266	urq45.cnf	-1	0.040103912353515625	326.35
267	sokoban-p20.sas.cr.33.cnf	0	0.15567779541015625	3000.83
268	tseitin_d3_n158.sanitized.cnf	0	0.0883331298828125	2999.83
269	sokoban-p16.sas.ex.15-sc2016.cnf	-1	0.6962127685546875	1160.58
270	stable-300-0.1-20-98765432130020.cnf	1	0.027515411376953125	115.25
271	openstacks-sequencedstrips-nonadl-nonnegated-os-sequencedstrips-p30_3.025-NOTKNOWN.cnf	-1	0.07637405395507812	2589.24
272	lec_mult_CvK_12x11.sanitized.cnf	0	0.0323333740234375	2999.91
273	1-ZC-512-K-64.sanitized.cnf	0	0.10223388671875	3000.85
274	128_100.sanitized.cnf	0	1.9560394287109375	6.95
275	ER_400_20_7.apx_2_DC-ST.cnf	-1	0.09164047241210938	2805.86
276	stb_531_83.apx_2_DC-ST.cnf	-1	0.03588104248046875	296.25
277	af-synthesis_stb_50_140_3_unsat.cnf	-1	0.046855926513671875	358.44
278	noL-11-12.sanitized.cnf	1	0.062137603759765625	534.79
279	bmc_QICE_snp_vld_30.cnf	0	1.9335746765136719	41.89
280	j3045_10_rggt_b.cnf	1	0.026275634765625	241.66
281	af-synthesis_stb_50_200_0_sat.cnf	1	0.06717681884765625	509.96
282	two-trees-1023v.sanitized.cnf	0	0.10954666137695312	2998.13
283	sgen1-unsat-121-100.cnf	0	0.05507659912109375	2999.45
284	lru_7.sanitized.cnf	0	2.114215850830078	6.95
285	64_150.sanitized.cnf	0	1.9231910705566406	6.94
286	IBM_FV_2004_rule_batch_1_31_1_SAT_dat.k40.debugged.cnf	-1	0.029529571533203125	343.49
287	1-ZC-512-K-67.sanitized.cnf	0	0.1350555419921875	2999.82
288	af-synthesis_stb_50_40_2_unsat.cnf	-1	0.026302337646484375	496.12
289	rbsat-v760c43649gyes9.cnf	1	0.025726318359375	185.76
290	circuit_32in32out_with_64gates_8in6out_dist128_seed2.sanitized.cnf	1	0.19391250610351562	878.27
291	pcmax-scheduling-m12-8049-55035-SAT.sanitized.cnf	0	0.09321212768554688	3000.87
292	test_v7_r17_vr5_c1_s25451.smt2-cvc4.cnf	0	0.3492088317871094	3000.84
293	j3045_10_gmto_b.cnf	1	0.035137176513671875	432.63
294	rook-56-0-0.cnf	0	0.18550872802734375	2999.85
295	qwh.50.1250.shuffled-as.sat03-1655.cnf	1	0.037174224853515625	15.54
296	simon-r24-1.sanitized.cnf	1	0.003101348876953125	0.01
297	lec_mult_DvW_12x12.sanitized.cnf	0	0.0813446044921875	3000.9
298	constraints_25_4_5_12_12_0_0_0.sanitized.cnf	-1	0.024566650390625	312.84
299	pcmax-scheduling-m15-2352-13561-SAT.sanitized.cnf	0	0.12060546875	2999.96
300	lec_mult_KvW_10x10.sanitized.cnf	-1	0.019931793212890625	299.77
301	ex065_25.cnf	1	0.0938873291015625	1338.05
302	lru_6.sanitized.cnf	0	2.0578269958496094	6.91
303	g2-hwmcc15deep-bob12s02-k16.cnf	0	0.15543365478515625	2999.65
304	1-ZC-1024-K-116.sanitized.cnf	0	0.426971435546875	2999.9
305	j3037_1_gmto_b.cnf	1	0.015949249267578125	17.81
306	1-ET-256-K-55.sanitized.cnf	0	0.072418212890625	2999.96
307	stb_588_138.apx_1_DC-ST.cnf	-1	0.030841827392578125	283.91
308	post-cbmc-aes-ee-r3-noholes.cnf	-1	0.22039031982421875	615.79
309	stb_418_125.apx_2_DC-AD.cnf	-1	0.0603179931640625	1702.63
310	crn_11_99_u.cnf	-1	0.006420135498046875	2.53
311	af-synthesis_stb_50_100_9_unsat.cnf	-1	0.0408172607421875	930.55
312	string_compare_safety_cbmc_unwinding_900.cnf	0	1.9730758666992188	17.92
313	Folkman-175-7416734.sanitized.cnf	1	0.04451751708984375	354.58
314	g2-T93.2.1.cnf	-1	1.8526077270507812	875.43
315	manol-pipe-g10bid_i.cnf	-1	0.14606857299804688	321.81
316	simon-r17-0.sanitized.cnf	1	0.002704620361328125	0.0
317	j3037_9_mdd_bm1.cnf	0	0.064666748046875	3000.84
318	j3037_10_rggt_b.cnf	1	0.02313995361328125	130.26
319	stb_531_83.apx_1_DC-ST.cnf	-1	0.032077789306640625	366.47
320	g2-test_v5_r10_vr10_c1_s21502.smt2-cvc4.cnf	-1	0.169281005859375	499.99
321	hwmcc17miters-xits-iso-oski15a08b08s.sanitized.cnf	-1	0.5330734252929688	7.82
322	hwb-n24-02-S786928571.shuffled-as.sat03-1618.cnf	-1	0.0283050537109375	220.04
323	simon-r23-1.sanitized.cnf	1	0.00305938720703125	0.01
324	fermat-931960058139995587.cnf	0	0.041545867919921875	3000.78
325	Break_unsat_06_07.xml.cnf	-1	0.005191802978515625	1.68
326	REGRandom-K4-L1-Seed30.sanitized.cnf	-1	0.0689849853515625	9.31
327	linked_list_swap_contents_safety_unwind63.cnf	-1	1.4938278198242188	103.76
328	mdp-28-16-unsat.cnf	-1	0.0448760986328125	2109.37
329	pcmax-scheduling-m43-38782-385402-SAT.sanitized.cnf	0	0.15493011474609375	2999.84
330	af-synthesis_stb_50_200_0_unsat.cnf	-1	0.07355117797851562	1051.98
331	x9-12087.sat.sanitized.cnf	1	0.035533905029296875	315.66
332	x9-09014.sat.sanitized.cnf	-1	0.01163482666015625	51.08
333	x9-12092.sat.sanitized.cnf	1	0.03168487548828125	226.15
334	1-TC-256-K-68.sanitized.cnf	-1	0.05327606201171875	260.59
335	x9-08075.sat.sanitized.cnf	-1	0.007785797119140625	25.16
336	64_25.sanitized.cnf	1	1.3110618591308594	34.42
337	1-ET-256-K-70.sanitized.cnf	-1	0.047088623046875	139.81
338	x9-10076.sat.sanitized.cnf	-1	0.02843475341796875	135.7
339	1-TC-256-K-64.sanitized.cnf	-1	0.042667388916015625	1255.69
340	sted5_0x24204-50.cnf	1	0.0119171142578125	6.0
341	simon-r20-0.sanitized.cnf	1	0.003082275390625	0.01
342	constraints_18_0.4_2.sanitized.cnf	-1	0.21581268310546875	675.9
343	g2-ak128boothbg2msaig.cnf	1	0.1060638427734375	0.73
344	hwmcc17miters-xits-iso-bobsmfpu.sanitized.cnf	-1	0.034698486328125	0.29
345	StConn_8_32.sanitized.cnf	-1	0.034488677978515625	402.93
346	lec_mult_CvD_11x11.sanitized.cnf	-1	0.039913177490234375	890.5
347	hcp_CP18_18.cnf	0	0.10848236083984375	2999.6
348	constraints_16_0.4_1.sanitized.cnf	-1	0.04734039306640625	129.77
349	ER_400_20_4.apx_1_DC-AD.cnf	-1	0.05432891845703125	476.83
350	constraints_18_0.3_2.sanitized.cnf	-1	0.10087203979492188	466.33
351	SGI_30_80_26_70_4-log.shuffled-as.sat03-208.cnf	0	0.12335205078125	3000.87
352	6s130-opt.cnf	-1	0.0394287109375	117.82
353	constraints_17_0.4_1.sanitized.cnf	1	0.08922195434570312	24.07
354	hwmcc20miters-iso-mul7.sanitized.cnf	-1	0.18762588500976562	1.91
355	simon-r18-0.sanitized.cnf	1	0.003131866455078125	0.01
356	ER_400_20_7.apx_2_DC-AD.cnf	0	0.090728759765625	2999.89
357	mdp-32-11-unsat.cnf	0	0.0565032958984375	3000.91
358	summle_X11112_steps6_I1-2-2-4-4-8-25-100.cnf	1	0.02657318115234375	22.1
359	ER_400_20_7.apx_1_DC-AD.cnf	-1	0.04828643798828125	857.97
360	mp1-klieber2017s-0500-023-t12.cnf	1	0.02400970458984375	99.68
361	hwmcc20miters-iso-rast-p11.sanitized.cnf	-1	0.044403076171875	0.42
362	Folkman-185-19924337.sanitized.cnf	1	0.02422332763671875	99.05
363	pcmax-scheduling-m35-32274-371389-SAT.sanitized.cnf	0	0.2946434020996094	2999.84
364	j3037_1_mdd_b.cnf	1	0.024860382080078125	63.2
365	HCP-446-105.cnf	1	0.09850692749023438	2221.87
366	rbsat-v1150c84314gyes1.cnf	0	0.054172515869140625	2999.87
367	linked_list_swap_contents_safety_unwind70.cnf	-1	1.7991142272949219	365.64
368	asconhashv12_opt64_H6_M2-PgbpwX_m0_4_U1.c.cnf	-1	0.06473922729492188	260.15
369	mdp-32-11-sat.cnf	0	0.0897064208984375	3000.87
370	linked_list_swap_contents_safety_unwind57.cnf	-1	1.2675018310546875	120.78
371	x9-11088.sat.sanitized.cnf	1	0.03824615478515625	333.67
372	SGI_30_60_19_60_6-dir.shuffled-as.sat03-112.cnf	-1	0.04529571533203125	1669.91
373	ITC2021_Middle_1.xml.cnf	0	0.1254730224609375	2999.87
374	hwmcc20miters-iso-mul2.sanitized.cnf	-1	0.055568695068359375	0.45
375	mdp-32-14-sat.cnf	0	0.0723724365234375	3000.86
376	pcmax-scheduling-m30-14113-167638-UNSAT.sanitized.cnf	-1	0.07204818725585938	1564.77
377	x9-12098.sat.sanitized.cnf	1	0.06400299072265625	1026.53
378	qwh.60.1728.shuffled-as.sat03-1659.cnf	1	0.089324951171875	216.75
379	constraints_18_0.5_2.sanitized.cnf	-1	0.27635955810546875	952.96
380	tseitin_d3_n162.sanitized.cnf	0	0.07741546630859375	2999.86
381	constraints_17_0.5_2.sanitized.cnf	-1	0.126983642578125	153.35
382	x9-10031.sat.sanitized.cnf	-1	0.0350799560546875	345.42
383	barman-pfile06-022.sas.ex.7.cnf	-1	0.126800537109375	2.7
384	preimage_80r_495m_160h_seed_379.cnf	1	0.06671142578125	2575.21
385	circuit_32in32out_with_500gates_6in6out_dist64_seed1.sanitized.cnf	1	0.3346519470214844	223.41
386	circuit_32in32out_with_96gates_7in7out_dist128_seed1.sanitized.cnf	1	0.2922515869140625	2025.97
387	1-ZC-512-K-61.sanitized.cnf	1	0.09673309326171875	1308.19
388	atco_enc1_opt1_10_15.cnf	1	0.04233551025390625	218.29
389	REGRandom-K4-L2-Seed35.sanitized.cnf	-1	0.4387931823730469	1954.96
390	Ptn-7824-b18.cnf	1	0.021533966064453125	152.98
391	ER_500_30_3.apx_2_DC-AD.cnf	-1	0.09021377563476562	1183.59
392	lec_mult_DvW_11x10.sanitized.cnf	-1	0.03841400146484375	595.0
393	Folkman-190-104806020.sanitized.cnf	1	0.054569244384765625	985.6
394	MASG0_72_keystream76_0.cnf	1	0.028621673583984375	1797.87
395	Nb13T165.cnf	0	1.3236503601074219	2999.85
396	noL-11-2.sanitized.cnf	1	0.063232421875	699.47
397	x9-10084.sat.sanitized.cnf	-1	0.019931793212890625	145.85
398	crafted_n12_d6_c4_num23.cnf	-1	0.34937286376953125	364.12
399	mdp-32-10-unsat.cnf	0	0.06845855712890625	3000.88
400	urqh1c5x5.shuffled-as.sat03-1468.cnf.mis-103.debugged.cnf	0	0.08314132690429688	2999.87
